event,name
1,A1
1,B1
1,C1
1,D1
1,E1
1,F1
1,G1
1,H1
1,I1
1,J1
1,A2
1,B2
1,C2
1,D2
1,E2
1,F2
1,G2
1,H2
1,I2
1,J2
1,A3
1,B3
1,C3
1,D3
1,E3
1,F3
1,G3
1,H3
1,I3
1,A4
1,B4
1,C4
1,D4
1,E4
1,F4
1,G4
1,H4
1,I4
1,Semi 1
1,Semi 2
1,Semi 3
1,Elimination 1a
1,Elimination 1b
1,Elimination 2a
1,Elimination 2b
1,Finals
2,A1
2,B1
2,C1
2,D1
2,E1
2,F1
2,G1
2,H1
2,I1
2,J1
2,K1
2,L1
2,M1
2,N1
2,O1
2,Q1
2,R1
2,A2
2,B2
2,C2
2,D2
2,E2
2,F2
2,G2
2,H2
2,I2
2,J2
2,K2
2,L2
2,M2
2,N2
2,O2
2,P2
2,A3
2,B3
2,C3
2,D3
2,E3
2,F3
2,G3
2,H3
2,I3
2,J3
2,K3
2,L3
2,M3
2,N3
2,O3
2,A4
2,B4
2,C4
2,D4
2,E4
2,F4
2,G4
2,H4
2,I4
2,J4
2,K4
2,L4
2,M4
2,N4
2,O4
2,A5
2,B5
2,C5
2,D5
2,E5
2,F5
2,G5
2,H5
2,I5
2,J5
2,K5
2,L5
2,M5
2,N5
2,O5
2,QF1
2,QF2
2,QF3
2,QF4
2,QE1
2,QE2
2,QE3
2,QE4
2,SF1
2,SF2
2,SE1
2,SE2
2,FF1
3,PreQuarter A
3,PreQuarter B
3,PreQuarter C
3,PreQuarter D
3,PreQuarter E
3,PreQuarter F
3,PreQuarter G
3,PreQuarter H
3,Quarterfinal A
3,Quarterfinal B
3,Quarterfinal C
3,Quarterfinal D
3,Semifinal A
3,Semifinal B
3,Final
4,A1
4,B1
4,C1
4,D1
4,E1
4,F1
4,G1
4,H1
4,I1
4,A2
4,B2
4,C2
4,D2
4,E2
4,F2
4,G2
4,H2
4,I2
4,A3
4,B3
4,C3
4,D3
4,E3
4,F3
4,G3
4,H3
4,I3
4,A4
4,B4
4,C4
4,D4
4,E4
4,G4
4,H4
4,Play In
4,Final
5,G1
5,G2
5,G3
5,G4
5,G5
5,G6
5,G7
5,G8
5,G9
5,G10
5,G11
5,G12
5,G13
5,G14
5,G15
5,G16
5,G17
5,G18
5,G19
5,G20
5,G21
5,G22
5,G23
5,G24
5,G25
5,G26
5,G27
5,G28
5,G29
5,G30
5,G31
5,G32
5,G33
5,G34
5,G35
5,G36
5,G37
5,G38
5,G39
5,G40
6,A1
6,B1
6,C1
6,D1
6,E1
6,F1
6,G1
6,H1
6,I1
6,J1
6,A2
6,B2
6,C2
6,D2
6,E2
6,F2
6,G2
6,H2
6,I2
6,J2
6,A3
6,B3
6,C3
6,D3
6,E3
6,F3
6,G3
6,H3
6,I3
6,J3
6,A4
6,B4
6,C4
6,D4
6,E4
6,F4
6,G4
6,H4
6,I4
6,J4
6,Semi 1
6,Semi 2
6,Finals
7,G1
7,G2
7,G3
7,G4
7,G5
7,G6
7,G7
7,G8
7,G9
7,G10
7,G11
7,G12
7,G13
7,G14
7,G15
7,G16
7,G17
7,G18
7,G19
7,G20
7,G21
7,G22
7,G23
7,G24
7,G25
7,G26
7,G27
7,G28
7,G29
7,G30
8,A1 G1
8,A1 G2
8,A1 G3
8,B1 G1
8,B1 G2
8,B1 G3
8,C1 G1
8,C1 G2
8,C1 G3
8,D1 G1
8,D1 G2
8,D1 G3
8,E1 G1
8,E1 G2
8,E1 G3
8,F1 G1
8,F1 G2
8,F1 G3
8,G1 G1
8,G1 G2
8,G1 G3
8,H1 G1
8,H1 G2
8,H1 G3
8,I1 G1
8,I1 G2
8,I1 G3
8,J1 G1
8,J1 G2
8,J1 G3
8,K1 G1
8,K1 G2
8,K1 G3
8,L1 G1
8,L1 G2
8,L1 G3
8,M1 G1
8,M1 G2
8,M1 G3
8,N1 G1
8,N1 G2
8,N1 G3
8,A2 G1
8,A2 G2
8,A2 G3
8,B2 G1
8,B2 G2
8,B2 G3
8,C2 G1
8,C2 G2
8,C2 G3
8,D2 G1
8,D2 G2
8,D2 G3
8,E2 G1
8,E2 G2
8,E2 G3
8,F2 G1
8,F2 G2
8,F2 G3
8,G2 G1
8,G2 G2
8,G2 G3
8,H2 G1
8,H2 G2
8,H2 G3
8,I2 G1
8,I2 G2
8,I2 G3
8,J2 G1
8,J2 G2
8,J2 G3
8,K2 G1
8,K2 G2
8,K2 G3
8,L2 G1
8,L2 G2
8,L2 G3
8,M2 G1
8,M2 G2
8,M2 G3
8,N2 G1
8,N2 G2
8,N2 G3
8,A3 G1
8,A3 G2
8,A3 G3
8,B3 G1
8,B3 G2
8,B3 G3
8,C3 G1
8,C3 G2
8,C3 G3
8,D3 G1
8,D3 G2
8,D3 G3
8,E3 G1
8,E3 G2
8,E3 G3
8,F3 G1
8,F3 G2
8,F3 G3
8,G3 G1
8,G3 G2
8,G3 G3
8,H3 G1
8,H3 G2
8,H3 G3
8,I3 G1
8,I3 G2
8,I3 G3
8,J3 G1
8,J3 G2
8,J3 G3
8,K3 G1
8,K3 G2
8,K3 G3
8,L3 G1
8,L3 G2
8,L3 G3
8,M3 G1
8,M3 G2
8,M3 G3
8,N3 G1
8,N3 G2
8,N3 G3
8,A4 G1
8,A4 G2
8,A4 G3
8,B4 G1
8,B4 G2
8,B4 G3
8,C4 G1
8,C4 G2
8,C4 G3
8,D4 G1
8,D4 G2
8,D4 G3
8,E4 G1
8,E4 G2
8,E4 G3
8,F4 G1
8,F4 G2
8,F4 G3
8,G4 G1
8,G4 G2
8,G4 G3
8,H4 G1
8,H4 G2
8,H4 G3
8,I4 G1
8,I4 G2
8,I4 G3
8,J4 G1
8,J4 G2
8,J4 G3
8,K4 G1
8,K4 G2
8,K4 G3
8,L4 G1
8,L4 G2
8,L4 G3
8,M4 G1
8,M4 G2
8,M4 G3
8,N4 G1
8,N4 G2
8,N4 G3
8,Semi A G1
8,Semi A G2
8,Semi A G3
8,Semi B G1
8,Semi B G2
8,Semi B G3
8,Semi C G1
8,Semi C G2
8,Semi C G3
8,Finals G1
8,Finals G2
8,Finals G3
9,R1 A1
9,R1 A2
9,R1 A3
9,R1 B1
9,R1 B2
9,R1 B3
9,R1 C1
9,R1 C2
9,R1 C3
9,R1 D1
9,R1 D2
9,R1 D3
9,R1 E1
9,R1 E2
9,R1 E3
9,R1 F1
9,R1 F2
9,R1 F3
9,R1 G1
9,R1 G2
9,R1 G3
9,R1 H1
9,R1 H2
9,R1 H3
9,R1 I1
9,R1 I2
9,R1 I3
9,R1 J1
9,R1 J2
9,R1 J3
9,R1 K1
9,R1 K2
9,R1 K3
9,R1 L1
9,R1 L2
9,R1 L3
9,R2 A1
9,R2 A2
9,R2 A3
9,R2 B1
9,R2 B2
9,R2 B3
9,R2 C1
9,R2 C2
9,R2 C3
9,R2 D1
9,R2 D2
9,R2 D3
9,R2 E1
9,R2 E2
9,R2 E3
9,R2 F1
9,R2 F2
9,R2 F3
9,R2 G1
9,R2 G2
9,R2 G3
9,R2 H1
9,R2 H2
9,R2 H3
9,R2 I1
9,R2 I2
9,R2 I3
9,R2 J1
9,R2 J2
9,R2 J3
9,R2 K1
9,R2 K2
9,R2 K3
9,R2 L1
9,R2 L2
9,R2 L3
9,R3 A1
9,R3 A2
9,R3 A3
9,R3 B1
9,R3 B2
9,R3 B3
9,R3 C1
9,R3 C2
9,R3 C3
9,R3 D1
9,R3 D2
9,R3 D3
9,R3 E1
9,R3 E2
9,R3 E3
9,R3 F1
9,R3 F2
9,R3 F3
9,R3 G1
9,R3 G2
9,R3 G3
9,R3 H1
9,R3 H2
9,R3 H3
9,R3 I1
9,R3 I2
9,R3 I3
9,R3 J1
9,R3 J2
9,R3 J3
9,R3 K1
9,R3 K2
9,R3 K3
9,R3 L1
9,R3 L2
9,R3 L3
9,R4 A1
9,R4 A2
9,R4 A3
9,R4 B1
9,R4 B2
9,R4 B3
9,R4 C1
9,R4 C2
9,R4 C3
9,R4 D1
9,R4 D2
9,R4 D3
9,R4 E1
9,R4 E2
9,R4 E3
9,R4 F1
9,R4 F2
9,R4 F3
9,R4 G1
9,R4 G2
9,R4 G3
9,R4 H1
9,R4 H2
9,R4 H3
9,R4 I1
9,R4 I2
9,R4 I3
9,R4 J1
9,R4 J2
9,R4 J3
9,R4 K1
9,R4 K2
9,R4 K3
9,R4 L1
9,R4 L2
9,R4 L3
9,Semi A1
9,Semi A2
9,Semi A3
9,Semi B1
9,Semi B2
9,Semi B3
9,Semi C1
9,Semi C2
9,Semi C3
9,Finals A1
9,Finals A2
9,Finals A3
10,T1 G1
10,T1 G2
10,T1 G3
10,T1 G4
10,T1 G5
10,T1 G6
10,T1 G7
10,T1 G8
10,T1 G9
10,T1 G10
10,T1 G11
10,T1 G12
10,T1 G13
10,T1 G14
10,T1 G15
10,T1 G16
10,T1 G17
10,T1 G18
10,T1 G19
10,T1 G20
10,T1 G21
10,T1 G22
10,T1 G23
10,T1 G24
10,T1 G25
10,T1 G26
10,T1 G27
10,T1 G28
10,T1 G29
10,T1 G30
10,T1 G31
10,T1 G32
10,T1 G33
10,T1 G34
10,T1 G35
10,T1 G36
10,T1 G37
10,T1 G38
10,T1 G39
10,T1 G40
10,T1 G41
10,T1 G42
10,T1 G43
10,T1 G44
10,T1 G45
10,T1 G46
10,T1 G47
10,T1 G48
10,T1 G49
10,T1 G50
10,T1 G51
10,T1 G52
10,T1 G53
10,T1 G54
10,T1 G55
10,T1 G56
10,T1 G57
10,T1 G58
10,T1 G59
10,T1 G60
10,T2 G1
10,T2 G2
10,T2 G3
10,T2 G4
10,T2 G5
10,T2 G6
10,T2 G7
10,T2 G8
10,T2 G9
10,T2 G10
10,T2 G11
10,T2 G12
10,T2 G13
10,T2 G14
10,T2 G15
10,T2 G16
10,T2 G17
10,T2 G18
10,T2 G19
10,T2 G20
10,T2 G21
10,T2 G22
10,T2 G23
10,T2 G24
10,T2 G25
10,T2 G26
10,T2 G27
10,T2 G28
10,T2 G29
10,T2 G30
10,T2 G31
10,T2 G32
10,T2 G33
10,T2 G34
10,T2 G35
10,T2 G36
10,T2 G37
10,T2 G38
10,T2 G39
10,T2 G40
10,T2 G41
10,T2 G42
10,T2 G43
10,T2 G44
10,T2 G45
10,T2 G46
10,T2 G47
10,T2 G48
10,T2 G49
10,T2 G50
10,T2 G51
10,T2 G52
10,T2 G53
10,T2 G54
10,T2 G55
10,T2 G56
10,T2 G57
10,T2 G58
10,T2 G59
10,T2 G60
10,T2 G61
10,T2 G62
10,T2 G63
10,T2 G64
10,T2 G65
10,T2 G66
10,T2 G67
10,T2 G68
10,T2 G69
10,T2 G70
10,T2 G71
10,T2 G72
10,T2 G73
10,T2 G74
10,T2 G75
10,T2 G76
10,T2 G77
10,T2 G78
10,T2 G79
10,T2 G80
10,T2 G81
10,T2 G82
10,T2 G83
10,T2 G84
10,T3 G1
10,T3 G2
10,T3 G3
10,T3 G4
10,T3 G5
10,T3 G6
10,T3 G7
10,T3 G8
10,T3 G9
10,T3 G10
10,T3 G11
10,T3 G12
10,T3 G13
10,T3 G14
10,T3 G15
10,T3 G16
10,T3 G17
10,T3 G18
10,T3 G19
10,T3 G20
10,T3 G21
10,T3 G22
10,T3 G23
10,T3 G24
10,T3 G25
10,T3 G26
10,T3 G27
10,T3 G28
10,T3 G29
10,T3 G30
10,T3 G31
10,T3 G32
10,T3 G33
10,T3 G34
10,T3 G35
10,T3 G36
10,T3 G37
10,T3 G38
10,T3 G39
10,T3 G40
10,T3 G41
10,T3 G42
10,T3 G43
10,T3 G44
10,T3 G45
10,T3 G46
10,T3 G47
10,T3 G48
10,T3 G49
10,T3 G50
10,T3 G51
10,T3 G52
10,T3 G53
10,T3 G54
10,T3 G55
10,T3 G56
10,T3 G57
10,T3 G58
10,T3 G59
10,T3 G60
10,T3 G61
10,T3 G62
10,T3 G63
10,T3 G64
10,T3 G65
10,T3 G66
10,T3 G67
10,T3 G68
10,T3 G69
10,T3 G70
10,T3 G71
10,T3 G72
10,T3 G73
10,T3 G74
10,T3 G75
10,T3 G76
10,T3 G77
10,T3 G78
10,T3 G79
10,T3 G80
10,T3 G81
10,T3 G82
10,T3 G83
10,T3 G84
10,T4 G1
10,T4 G2
10,T4 G3
10,T4 G4
10,T4 G5
10,T4 G6
10,T4 G7
10,T4 G8
10,T4 G9
10,T4 G10
10,T4 G11
10,T4 G12
10,T4 G13
10,T4 G14
10,T4 G15
10,T4 G16
10,T4 G17
10,T4 G18
10,T4 G19
10,T4 G20
10,T4 G21
10,T4 G22
10,T4 G23
10,T4 G24
10,T4 G25
10,T4 G26
10,T4 G27
10,T4 G28
10,T4 G29
10,T4 G30
10,T4 G31
10,T4 G32
10,T4 G33
10,T4 G34
10,T4 G35
10,T4 G36
10,T4 G37
10,T4 G38
10,T4 G39
10,T4 G40
10,T4 G41
10,T4 G42
10,T4 G43
10,T4 G44
10,T4 G45
10,T4 G46
10,T4 G47
10,T4 G48
10,T4 G49
10,T4 G50
10,T4 G51
10,T4 G52
10,T4 G53
10,T4 G54
10,T4 G55
10,T4 G56
10,T4 G57
10,T4 G58
10,T4 G59
10,T4 G60
11,R1 A1
11,R1 A2
11,R1 B1
11,R1 B2
11,R1 C1
11,R1 C2
11,R1 D1
11,R1 D2
11,R1 E1
11,R1 E2
11,R1 F1
11,R1 F2
11,R1 G1
11,R1 G2
11,R1 H1
11,R1 H2
11,R1 I1
11,R1 I2
11,R1 J1
11,R1 J2
11,R1 K1
11,R1 K2
11,R1 L1
11,R1 L2
11,R2 A1
11,R2 A2
11,R2 B1
11,R2 B2
11,R2 C1
11,R2 C2
11,R2 D1
11,R2 D2
11,R2 E1
11,R2 E2
11,R2 F1
11,R2 F2
11,R2 G1
11,R2 G2
11,R2 H1
11,R2 H2
11,R2 I1
11,R2 I2
11,R2 J1
11,R2 J2
11,R2 K1
11,R2 K2
11,R2 L1
11,R2 L2
11,R3 A1
11,R3 A2
11,R3 B1
11,R3 B2
11,R3 C1
11,R3 C2
11,R3 D1
11,R3 D2
11,R3 E1
11,R3 E2
11,R3 F1
11,R3 F2
11,R3 G1
11,R3 G2
11,R3 H1
11,R3 H2
11,R3 I1
11,R3 I2
11,R3 J1
11,R3 J2
11,R3 K1
11,R3 K2
11,R3 L1
11,R3 L2
11,R4 A1
11,R4 A2
11,R4 B1
11,R4 B2
11,R4 C1
11,R4 C2
11,R4 D1
11,R4 D2
11,R4 E1
11,R4 E2
11,R4 F1
11,R4 F2
11,R4 G1
11,R4 G2
11,R4 H1
11,R4 H2
11,R4 I1
11,R4 I2
11,R4 J1
11,R4 J2
11,R4 K1
11,R4 K2
11,R5 G1
11,R5 G2
11,R5 G3
11,R6 G1
11,R6 G2
11,R6 G3
11,R7 G1
11,R7 G2
11,R7 G3
11,R8 G1
11,R8 G2
11,R8 G3
11,Finals
12,T1 G1
12,T1 G2
12,T1 G3
12,T1 G4
12,T1 G5
12,T1 G6
12,T1 G7
12,T1 G8
12,T1 G9
12,T1 G10
12,T1 G11
12,T1 G12
12,T1 G13
12,T1 G14
12,T1 G15
12,T1 G16
12,T1 G17
12,T1 G18
12,T1 G19
12,T1 G20
12,T1 G21
12,T1 G22
12,T1 G23
12,T1 G24
12,T1 G25
12,T1 G26
12,T1 G27
12,T1 G28
12,T1 G29
12,T1 G30
12,T1 G31
12,T1 G32
12,T1 G33
12,T1 G34
12,T1 G35
12,T1 G36
12,T1 G37
12,T1 G38
12,T1 G39
12,T1 G40
12,T1 G41
12,T1 G42
12,T1 G43
12,T1 G44
12,T1 G45
12,T1 G46
12,T1 G47
12,T1 G48
12,T1 G49
12,T1 G50
12,T1 G51
12,T1 G52
12,T1 G53
12,T1 G54
12,T1 G55
12,T1 G56
12,T1 G57
12,T1 G58
12,T1 G59
12,T1 G60
12,T1 G61
12,T1 G62
12,T1 G63
12,T1 G64
12,T1 G65
12,T1 G66
12,T1 G67
12,T1 G68
12,T1 G69
12,T1 G70
12,T1 G71
12,T1 G72
12,T1 G73
12,T1 G74
12,T1 G75
12,T1 G76
12,T1 G77
12,T1 G78
12,T1 G79
12,T1 G80
12,T1 G81
12,T1 G82
12,T1 G83
12,T1 G84
12,T2 G1
12,T2 G2
12,T2 G3
12,T2 G4
12,T2 G5
12,T2 G6
12,T2 G7
12,T2 G8
12,T2 G9
12,T2 G10
12,T2 G11
12,T2 G12
12,T2 G13
12,T2 G14
12,T2 G15
12,T2 G16
12,T2 G17
12,T2 G18
12,T2 G19
12,T2 G20
12,T2 G21
12,T2 G22
12,T2 G23
12,T2 G24
12,T2 G25
12,T2 G26
12,T2 G27
12,T2 G28
12,T2 G29
12,T2 G30
12,T2 G31
12,T2 G32
12,T2 G33
12,T2 G34
12,T2 G35
12,T2 G36
12,T2 G37
12,T2 G38
12,T2 G39
12,T2 G40
12,T3 G1
12,T3 G2
12,T3 G3
12,T3 G4
12,T3 G5
12,T3 G6
12,T3 G7
12,T3 G8
12,T3 G9
12,T3 G10
12,T3 G11
12,T3 G12
12,T3 G13
12,T3 G14
12,T3 G15
12,T3 G16
12,T3 G17
12,T3 G18
12,T3 G19
12,T3 G20
12,T3 G21
12,T3 G22
12,T3 G23
12,T3 G24
12,T3 G25
12,T3 G26
12,T3 G27
12,T3 G28
12,T3 G29
12,T3 G30
12,T3 G31
12,T3 G32
12,T3 G33
12,T3 G34
12,T3 G35
12,T3 G36
12,T3 G37
12,T3 G38
12,T3 G39
12,T3 G40
12,T4 G1
12,T4 G2
12,T4 G3
12,T4 G4
12,T4 G5
12,T4 G6
12,T4 G7
12,T4 G8
12,T4 G9
12,T4 G10
12,T4 G11
12,T4 G12
12,T4 G13
12,T4 G14
12,T4 G15
12,T4 G16
12,T4 G17
12,T4 G18
12,T4 G19
12,T4 G20
12,T4 G21
12,T4 G22
12,T4 G23
12,T4 G24
12,T4 G25
12,T4 G26
12,T4 G27
12,T4 G28
12,T4 G29
12,T4 G30
12,T4 G31
12,T4 G32
12,T4 G33
12,T4 G34
12,T4 G35
12,T4 G36
12,T4 G37
12,T4 G38
12,T4 G39
12,T4 G40
13,R1 A
13,R1 B
13,R1 C
13,R1 D
13,R1 E
13,R2 A
13,R2 B
13,R2 C
13,R2 D
13,R2 E
13,R3 A
13,R3 B
13,R3 C
13,R3 D
13,R3 E
13,Elim A
13,Elim B
13,Elim C
13,Elim D
13,Semi A
13,Semi B
13,Finals
14,R1 T1
14,R1 T2
14,R1 T3
14,R1 T4
14,R2 T1
14,R2 T2
14,R2 T3
14,R2 T4
14,R3 T1
14,R3 T2
14,R3 T3
14,R3 T4
14,R4 T1
14,R4 T2
14,R4 T3
14,R4 T4
14,R5 T1
14,R5 T2
14,R5 T3
14,R5 T4
14,R6 T1
14,R6 T2
14,R6 T3
14,R6 T4
14,Finals 1
14,Finals 2
14,Finals 3
15,A1
15,A2
15,A3
15,B1
15,B2
15,B3
15,C1
15,C2
15,C3
15,D1
15,D2
15,D3
15,E1
15,E2
15,E3
15,F1
15,F2
15,F3
15,G1
15,G2
15,G3
15,H1
15,H2
15,H3
15,I1
15,I2
15,I3
15,J1
15,J2
15,J3
15,K1
15,K2
15,K3
15,L1
15,L2
15,L3
15,M1
15,M2
15,M3
15,N1
15,N2
15,N3
15,O1
15,O2
15,O3
15,P1
15,P2
15,P3
15,Q1
15,R1
15,R2
15,R3
15,Semi A1
15,Semi A2
15,Semi A3
15,Semi B1
15,Semi B2
15,Semi C1
15,Semi C2
15,Semi C3
15,Finals 1
15,Finals 2
15,Finals 3
16,T1 G1
16,T1 G2
16,T1 G3
16,T1 G4
16,T1 G5
16,T1 G6
16,T1 G7
16,T1 G8
16,T1 G9
16,T1 G10
16,T1 G11
16,T1 G12
16,T1 G13
16,T1 G14
16,T1 G15
16,T1 G16
16,T1 G17
16,T1 G18
16,T1 G19
16,T1 G20
16,T1 G21
16,T1 G22
16,T1 G23
16,T1 G24
16,T1 G25
16,T1 G26
16,T1 G27
16,T1 G28
16,T1 G29
16,T1 G30
16,T1 G31
16,T1 G32
16,T1 G33
16,T1 G34
16,T1 G35
16,T1 G36
16,T1 G37
16,T1 G38
16,T1 G39
16,T1 G40
16,T1 G41
16,T1 G42
16,T1 G43
16,T1 G44
16,T1 G45
16,T1 G46
16,T1 G47
16,T1 G48
16,T1 G49
16,T1 G50
16,T1 G51
16,T1 G52
16,T1 G53
16,T1 G54
16,T1 G55
16,T1 G56
16,T1 G57
16,T1 G58
16,T1 G59
16,T1 G60
16,T1 G61
16,T1 G62
16,T1 G63
16,T1 G64
16,T1 G65
16,T1 G66
16,T1 G67
16,T1 G68
16,T1 G69
16,T1 G70
16,T1 G71
16,T1 G72
16,T1 G73
16,T1 G74
16,T1 G75
16,T1 G76
16,T1 G77
16,T1 G78
16,T1 G79
16,T1 G80
16,T1 G81
16,T1 G82
16,T1 G83
16,T1 G84
16,T2 G1
16,T2 G2
16,T2 G3
16,T2 G4
16,T2 G5
16,T2 G6
16,T2 G7
16,T2 G8
16,T2 G9
16,T2 G10
16,T2 G11
16,T2 G12
16,T2 G13
16,T2 G14
16,T2 G15
16,T2 G16
16,T3 G1
16,T3 G2
16,T3 G3
16,T3 G4
16,T3 G5
16,T3 G6
16,T3 G7
16,T3 G8
16,T3 G9
16,T3 G10
16,T3 G11
16,T3 G12
16,T3 G13
16,T3 G14
16,T3 G15
16,T3 G16
16,T3 G17
16,T3 G18
16,T3 G19
16,T3 G20
16,T3 G21
16,T3 G22
16,T3 G23
16,T3 G24
16,T3 G25
16,T3 G26
16,T3 G27
16,T3 G28
16,T3 G29
16,T3 G30
16,T3 G31
16,T3 G32
16,T3 G33
16,T3 G34
16,T3 G35
16,T3 G36
16,T3 G37
16,T3 G38
16,T3 G39
16,T3 G40
16,T3 G41
16,T3 G42
17,R1 T1
17,R1 T2
17,R1 T3
17,R1 T4
17,R2 T1
17,R2 T2
17,R2 T3
17,R2 T4
17,R3 T1
17,R3 T2
17,R3 T3
17,R3 T4
17,R4 T1
17,R4 T2
17,R4 T3
17,R4 T4
17,R5 T1
17,R5 T2
17,R5 T3
17,R5 T4
17,R6 T1
17,R6 T2
17,R6 T3
17,R6 T4
17,R7 T1
17,R7 T2
17,Finals 1
17,Finals 2
17,Finals 3
19,R1 A1
19,R1 A2
19,R1 B1
19,R1 B2
19,R1 C1
19,R1 C2
19,R1 D1
19,R1 D2
19,R1 E1
19,R1 E2
19,R1 F1
19,R1 F2
19,R1 G1
19,R1 G2
19,R2 A1
19,R2 A2
19,R2 B1
19,R2 B2
19,R2 C1
19,R2 C2
19,R2 D1
19,R2 D2
19,R2 E1
19,R2 E2
19,R2 F1
19,R2 F2
19,R3 A1
19,R3 A2
19,R3 B1
19,R3 B2
19,R3 C1
19,R3 C2
19,R3 D1
19,R3 D2
19,R3 E1
19,R3 E2
19,R3 F1
19,R3 F2
19,R4 A1
19,R4 A2
19,R4 B1
19,R4 B2
19,R4 C1
19,R4 C2
19,R4 D1
19,R4 D2
19,R4 E1
19,R4 E2
19,R4 F1
19,R4 F2
19,Semi A1
19,Semi A2
19,Semi B1
19,Semi B2
19,Semi C1
19,Semi C2
19,Play-in
19,Finals
20,R1 H1
20,R1 H2
20,R1 I1
20,R1 I2
20,R1 J1
20,R1 J2
20,R1 Z1
20,R1 Z2
20,R2 H1
20,R2 H2
20,R2 I1
20,R2 I2
20,R2 J1
20,R2 J2
20,R2 Z1
20,R2 Z2
20,R3 H1
20,R3 H2
20,R3 J1
20,R3 J2
20,R3 Z1
20,R3 Z2
20,R4 H1
20,R4 H2
20,R4 I1
20,R4 I2
20,R4 J1
20,R4 J2
20,Finals
18,T1 G1
18,T1 G2
18,T1 G3
18,T1 G4
18,T1 G5
18,T1 G6
18,T1 G7
18,T1 G8
18,T1 G9
18,T1 G10
18,T1 G11
18,T1 G12
18,T1 G13
18,T1 G14
18,T1 G15
18,T1 G16
18,T1 G17
18,T1 G18
18,T1 G19
18,T1 G20
18,T1 G21
18,T1 G22
18,T1 G23
18,T1 G24
18,T1 G25
18,T1 G26
18,T1 G27
18,T1 G28
18,T1 G29
18,T1 G30
18,T1 G31
18,T1 G32
18,T1 G33
18,T1 G34
18,T1 G35
18,T1 G36
18,T1 G37
18,T1 G38
18,T1 G39
18,T1 G40
18,T1 G41
18,T1 G42
18,T1 G43
18,T1 G44
18,T1 G45
18,T1 G46
18,T1 G47
18,T1 G48
18,T1 G49
18,T1 G50
18,T1 G51
18,T1 G52
18,T1 G53
18,T1 G54
18,T1 G55
18,T1 G56
18,T1 G57
18,T1 G58
18,T1 G59
18,T1 G60
18,T1 G61
18,T1 G62
18,T1 G63
18,T1 G64
18,T1 G65
18,T1 G66
18,T1 G67
18,T1 G68
18,T1 G69
18,T1 G70
18,T1 G71
18,T1 G72
18,T1 G73
18,T1 G74
18,T1 G75
18,T1 G76
18,T1 G77
18,T1 G78
18,T1 G79
18,T1 G80
18,T1 G81
18,T1 G82
18,T1 G83
18,T1 G84
18,T2 G1
18,T2 G2
18,T2 G3
18,T2 G4
18,T2 G5
18,T2 G6
18,T2 G7
18,T2 G8
18,T2 G9
18,T2 G10
18,T2 G11
18,T2 G12
18,T2 G13
18,T2 G14
18,T2 G15
18,T2 G16
18,T2 G17
18,T2 G18
18,T2 G19
18,T2 G20
18,T2 G21
18,T2 G22
18,T2 G23
18,T2 G24
18,T2 G25
18,T2 G26
18,T2 G27
18,T2 G28
18,T2 G29
18,T2 G30
18,T2 G31
18,T2 G32
18,T2 G33
18,T2 G34
18,T2 G35
18,T2 G36
18,T2 G37
18,T2 G38
18,T2 G39
18,T2 G40
18,T2 G41
18,T2 G42
18,T2 G43
18,T2 G44
18,T2 G45
18,T2 G46
18,T2 G47
18,T2 G48
18,T2 G49
18,T2 G50
18,T3 G1
18,T3 G2
18,T3 G3
18,T3 G4
18,T3 G5
18,T3 G6
18,T3 G7
18,T3 G8
18,T3 G9
18,T3 G10
18,T3 G11
18,T3 G12
18,T3 G13
18,T3 G14
18,T3 G15
18,T3 G16
18,T3 G17
18,T3 G18
18,T3 G19
18,T3 G20
18,T3 G21
18,T3 G22
18,T3 G23
18,T3 G24
18,T3 G25
18,T3 G26
18,T3 G27
18,T3 G28
18,T3 G29
18,T3 G30
18,T3 G31
18,T3 G32
18,T3 G33
18,T3 G34
18,T3 G35
18,T3 G36
18,T3 G37
18,T3 G38
18,T3 G39
18,T3 G40
18,T3 G41
18,T3 G42
18,T3 G43
18,T3 G44
18,T3 G45
18,T3 G46
18,T3 G47
18,T3 G48
18,T3 G49
18,T3 G50
18,T3 G51
18,T3 G52
18,T3 G53
18,T3 G54
18,T3 G55
18,T3 G56
18,T3 G57
18,T3 G58
18,T3 G59
18,T3 G60
18,T3 G61
18,T3 G62
21,T1 G1
21,T1 G2
21,T1 G3
21,T1 G4
21,T1 G5
21,T1 G6
21,T1 G7
21,T1 G8
21,T1 G9
21,T1 G10
21,T1 G11
21,T1 G12
21,T1 G13
21,T1 G14
21,T1 G15
21,T1 G16
21,T1 G17
21,T1 G18
21,T1 G19
21,T1 G20
21,T1 G21
21,T1 G22
21,T1 G23
21,T1 G24
21,T1 G25
21,T1 G26
21,T1 G27
21,T1 G28
21,T1 G29
21,T1 G30
21,T1 G31
21,T1 G32
21,T1 G33
21,T1 G34
21,T1 G35
21,T1 G36
21,T1 G37
21,T1 G38
21,T1 G39
21,T1 G40
21,T1 G41
21,T1 G42
21,T1 G43
21,T1 G44
21,T1 G45
21,T1 G46
21,T1 G47
21,T1 G48
21,T1 G49
21,T1 G50
21,T1 G51
21,T1 G52
21,T1 G53
21,T1 G54
21,T1 G55
21,T1 G56
21,T1 G57
21,T1 G58
21,T1 G59
21,T1 G60
21,T1 G61
21,T1 G62
21,T1 G63
21,T1 G64
21,T1 G65
21,T1 G66
21,T1 G67
21,T1 G68
21,T1 G69
21,T1 G70
21,T1 G71
21,T1 G72
21,T1 G73
21,T1 G74
21,T1 G75
21,T1 G76
21,T1 G77
21,T1 G78
21,T1 G79
21,T1 G80
21,T1 G81
21,T1 G82
21,T1 G83
21,T1 G84
21,T2 G1
21,T2 G2
21,T2 G3
21,T2 G4
21,T2 G5
21,T2 G6
21,T2 G7
21,T2 G8
21,T2 G9
21,T2 G10
21,T2 G11
21,T2 G12
21,T2 G13
21,T2 G14
21,T2 G15
21,T2 G16
21,T2 G17
21,T2 G18
21,T2 G19
21,T2 G20
21,T2 G21
21,T2 G22
21,T2 G23
21,T2 G24
21,T2 G25
21,T2 G26
21,T2 G27
21,T2 G28
21,T2 G29
21,T2 G30
21,T2 G31
21,T2 G32
21,T2 G33
21,T2 G34
21,T2 G35
21,T2 G36
21,T2 G37
21,T2 G38
21,T2 G39
21,T2 G40
21,T2 G41
21,T2 G42
21,T2 G43
21,T2 G44
21,T2 G45
21,T2 G46
21,T2 G47
21,T2 G48
21,T2 G49
21,T2 G50
21,T2 G51
21,T2 G52
21,T2 G53
21,T2 G54
21,T2 G55
21,T2 G56
21,T2 G57
21,T2 G58
21,T2 G59
21,T2 G60
21,T2 G61
21,T2 G62
21,T2 G63
21,T2 G64
21,T2 G65
21,T2 G66
21,T2 G67
21,T2 G68
21,T2 G69
21,T2 G70
21,T2 G71
21,T2 G72
21,T2 G73
21,T2 G74
21,T2 G75
21,T2 G76
21,T2 G77
21,T2 G78
21,T2 G79
21,T2 G80
21,T2 G81
21,T2 G82
21,T2 G83
21,T2 G84
21,T3 G1
21,T3 G2
21,T3 G3
21,T3 G4
21,T3 G5
21,T3 G6
21,T3 G7
21,T3 G8
21,T3 G9
21,T3 G10
21,T3 G11
21,T3 G12
21,T3 G13
21,T3 G14
21,T3 G15
21,T3 G16
21,T3 G17
21,T3 G18
21,T3 G19
21,T3 G20
21,T3 G21
21,T3 G22
21,T3 G23
21,T3 G24
21,T3 G25
21,T3 G26
21,T3 G27
21,T3 G28
21,T3 G29
21,T3 G30
21,T3 G31
21,T3 G32
21,T3 G33
21,T3 G34
21,T3 G35
21,T3 G36
21,T3 G37
21,T3 G38
21,T3 G39
21,T3 G40
22,R1 A1
22,R1 A2
22,R1 A3
22,R1 B1
22,R1 B2
22,R1 B3
22,R1 C1
22,R1 C2
22,R1 C3
22,R1 D1
22,R1 D2
22,R1 D3
22,R1 E1
22,R1 E2
22,R1 E3
22,R1 F1
22,R1 F2
22,R1 F3
22,R2 A1
22,R2 A2
22,R2 A3
22,R2 B1
22,R2 B2
22,R2 B3
22,R2 C1
22,R2 C2
22,R2 C3
22,R2 D1
22,R2 D2
22,R2 D3
22,R2 E1
22,R2 E2
22,R2 E3
22,R2 F1
22,R2 F2
22,R2 F3
22,R3 A1
22,R3 A2
22,R3 A3
22,R3 B1
22,R3 B2
22,R3 B3
22,R3 C1
22,R3 C2
22,R3 C3
22,R3 D1
22,R3 D2
22,R3 D3
22,R3 E1
22,R3 E2
22,R3 E3
22,R3 F1
22,R3 F2
22,R3 F3
22,R4 A1
22,R4 A2
22,R4 A3
22,R4 B1
22,R4 B2
22,R4 B3
22,R4 C1
22,R4 C2
22,R4 C3
22,R4 D1
22,R4 D2
22,R4 D3
22,R4 E1
22,R4 E2
22,R4 E3
22,R4 F1
22,R4 F2
22,R4 F3
22,Semifinal A1
22,Semifinal A2
22,Semifinal B1
22,Semifinal B2
22,Semifinal C1
22,Semifinal C2
22,Semifinal C3
22,Semifinal C4
22,Final A1
22,Final A2
22,Final A3
22,Final A4
23,R1 X1
23,R1 X2
23,R1 X3
23,R1 Y1
23,R1 Y2
23,R1 Y3
23,R1 Z1
23,R1 Z2
23,R1 Z3
23,R2 X1
23,R2 X2
23,R2 X3
23,R2 Y1
23,R2 Y2
23,R2 Y3
23,R2 Z1
23,R2 Z2
23,R2 Z3
23,R3 X1
23,R3 X2
23,R3 X3
23,R3 Y1
23,R3 Y2
23,R3 Y3
23,R3 Z1
23,R3 Z2
23,R3 Z3
23,R4 X1
23,R4 X2
23,R4 X3
23,R4 Y1
23,R4 Y2
23,R4 Y3
23,FINAL X1
23,FINAL X2
23,FINAL X3
24,T1 G1
24,T1 G2
24,T1 G3
24,T1 G4
24,T1 G5
24,T1 G6
24,T1 G7
24,T1 G8
24,T1 G9
24,T1 G10
24,T1 G11
24,T1 G12
24,T1 G13
24,T1 G14
24,T1 G15
24,T1 G16
24,T1 G17
24,T1 G18
24,T1 G19
24,T1 G20
24,T1 G21
24,T1 G22
24,T1 G23
24,T1 G24
24,T1 G25
24,T1 G26
24,T1 G27
24,T1 G28
24,T1 G29
24,T1 G30
24,T1 G31
24,T1 G32
24,T1 G33
24,T1 G34
24,T1 G35
24,T1 G36
24,T1 G37
24,T1 G38
24,T1 G39
24,T1 G40
24,T1 G41
24,T1 G42
24,T1 G43
24,T1 G44
24,T1 G45
24,T1 G46
24,T1 G47
24,T1 G48
24,T1 G49
24,T1 G50
24,T1 G51
24,T1 G52
24,T1 G53
24,T1 G54
24,T1 G55
24,T1 G56
24,T1 G57
24,T1 G58
24,T1 G59
24,T1 G60
24,T2 G1
24,T2 G2
24,T2 G3
24,T2 G4
24,T2 G5
24,T2 G6
24,T2 G7
24,T2 G8
24,T2 G9
24,T2 G10
24,T2 G11
24,T2 G12
24,T2 G13
24,T2 G14
24,T2 G15
24,T2 G16
24,T2 G17
24,T2 G18
24,T2 G19
24,T2 G20
24,T2 G21
24,T2 G22
24,T2 G23
24,T2 G24
24,T3 G1
24,T3 G2
24,T3 G3
24,T3 G4
24,T3 G5
24,T3 G6
24,T3 G7
24,T3 G8
24,T3 G9
24,T3 G10
24,T3 G11
24,T3 G12
24,T3 G13
24,T3 G14
24,T3 G15
24,T3 G16
24,T3 G17
24,T3 G18
24,T3 G19
24,T3 G20
24,T3 G21
24,T3 G22
24,T3 G23
24,T3 G24
25,R1 A G1
25,R1 A G2
25,R1 B G1
25,R1 B G2
25,R1 C G1
25,R1 C G2
25,R2 D G1
25,R2 D G2
25,R2 E G1
25,R2 E G2
25,R2 F G1
25,R2 F G2
25,R3 G G1
25,R3 G G2
25,R3 H G1
25,R3 H G2
25,R3 I G1
25,R3 I G2
25,R4 J G1
25,R4 J G2
25,R4 K G1
25,R4 K G2
25,FINAL G1
26,R1 T1
26,R1 T2
26,R1 T3
26,R1 T4
26,R2 T1
26,R2 T2
26,R2 T3
26,R2 T4
26,R3 T1
26,R3 T2
26,R3 T3
26,R3 T4
26,R4 T1
26,R4 T2
26,R4 T3
26,R4 T4
26,R5 T1
26,R5 T2
26,R5 T3
26,R5 T4
26,R6 T1
26,R6 T2
26,R6 T3
26,R6 T4
26,Final
27,R1 A G1
27,R1 A G2
27,R1 B G1
27,R1 B G2
27,R1 C G1
27,R1 C G2
27,R1 D G1
27,R1 D G2
27,R2 E G1
27,R2 E G2
27,R2 F G1
27,R2 F G2
27,R2 G G1
27,R2 G G2
27,R2 H G1
27,R2 H G2
27,R3 I G1
27,R3 I G2
27,R3 J G1
27,R3 J G2
27,R3 K G1
27,R3 K G2
27,R3 L G1
27,R3 L G2
27,R4 M G1
27,R4 M G2
27,R4 N G1
27,R4 N G2
27,R4 O G1
27,R4 O G2
27,R4 P G1
27,R4 P G2
27,Semifinal G1
27,Final G1
28,T1 G1
28,T1 G2
28,T1 G3
28,T1 G4
28,T1 G5
28,T1 G6
28,T1 G7
28,T1 G8
28,T1 G9
28,T1 G10
28,T1 G11
28,T1 G12
28,T1 G13
28,T1 G14
28,T1 G15
28,T1 G16
28,T1 G17
28,T1 G18
28,T1 G19
28,T1 G20
28,T1 G21
28,T1 G22
28,T1 G23
28,T1 G24
28,T1 G25
28,T1 G26
28,T1 G27
28,T1 G28
28,T1 G29
28,T1 G30
28,T1 G31
28,T1 G32
28,T1 G33
28,T1 G34
28,T1 G35
28,T1 G36
28,T1 G37
28,T1 G38
28,T1 G39
28,T1 G40
28,T1 G41
28,T1 G42
28,T1 G43
28,T1 G44
28,T1 G45
28,T1 G46
28,T1 G47
28,T1 G48
28,T1 G49
28,T1 G50
28,T1 G51
28,T1 G52
28,T1 G53
28,T1 G54
28,T1 G55
28,T1 G56
28,T1 G57
28,T1 G58
28,T1 G59
28,T1 G60
28,T2 G1
28,T2 G2
28,T2 G3
28,T2 G4
28,T2 G5
28,T2 G6
28,T2 G7
28,T2 G8
28,T2 G9
28,T2 G10
28,T2 G11
28,T2 G12
28,T2 G13
28,T2 G14
28,T2 G15
28,T2 G16
28,T2 G17
28,T2 G18
28,T2 G19
28,T2 G20
28,T2 G21
28,T2 G22
28,T2 G23
28,T2 G24
28,T2 G25
28,T2 G26
28,T2 G27
28,T2 G28
28,T2 G29
28,T2 G30
28,T2 G31
28,T2 G32
28,T2 G33
28,T2 G34
28,T2 G35
28,T2 G36
28,T2 G37
28,T2 G38
28,T2 G39
28,T2 G40
28,T2 G41
28,T2 G42
28,T2 G43
28,T2 G44
28,T2 G45
28,T2 G46
28,T2 G47
28,T2 G48
28,T2 G49
28,T2 G50
28,T2 G51
28,T2 G52
28,T2 G53
28,T2 G54
28,T2 G55
28,T2 G56
28,T2 G57
28,T2 G58
28,T2 G59
28,T2 G60
28,T2 G61
28,T2 G62
28,T2 G63
28,T2 G64
28,T2 G65
28,T2 G66
28,T2 G67
28,T2 G68
28,T2 G69
28,T2 G70
28,T2 G71
28,T2 G72
28,T2 G73
28,T2 G74
28,T2 G75
28,T2 G76
28,T2 G77
28,T2 G78
28,T2 G79
28,T2 G80
28,T2 G81
28,T2 G82
28,T2 G83
28,T2 G84
